<?xml version="1.0"?>
<TABELA>
	<PLECARI>
		<TREN>
			<NUMAR nr="5401" />
			<DESTINATIE dest="Pascani" />
			<ORA h="05:34" />
			<MENTIUNI ment="Conform cu planul" min="0" />
			<STATII>
				<GARA gara="Orbeni" />
				<GARA gara="Racaciuni" />
				<GARA gara="Faraoani" />
				<GARA gara="Bacau" />
				<GARA gara="Galbeni" />
				<GARA gara="Roman" />
				<GARA gara="Sabaoani" />
				<GARA gara="Mircesti" />
				<GARA gara="Pascani" />
			</STATII>
		</TREN>
		<TREN>
			<NUMAR nr="5412" />
			<DESTINATIE dest="Adjud" />
			<ORA h="07:30" />
			<MENTIUNI ment="Conform cu planul" min="0" />
			<STATII>
				<GARA gara="Adjud" />
			</STATII>
		</TREN>
		<TREN>
			<NUMAR nr="5411" />
			<DESTINATIE dest="Pascani" />
			<ORA h="08:35" />
			<MENTIUNI ment="Conform cu planul" min="0" />
			<STATII>
				<GARA gara="Orbeni" />
				<GARA gara="Racaciuni" />
				<GARA gara="Faraoani" />
				<GARA gara="Bacau" />
				<GARA gara="Galbeni" />
				<GARA gara="Roman" />
				<GARA gara="Sabaoani" />
				<GARA gara="Mircesti" />
				<GARA gara="Pascani" />
			</STATII>
		</TREN>
		<TREN>
			<NUMAR nr="5423" />
			<DESTINATIE dest="Bacau" />
			<ORA h="10:45" />
			<MENTIUNI ment="Conform cu planul" min="0" />
			<STATII>
				<GARA gara="Orbeni" />
				<GARA gara="Racaciuni" />
				<GARA gara="Faraoani" />
				<GARA gara="Bacau" />
			</STATII>
		</TREN>
		<TREN>
			<NUMAR nr="5414" />
			<DESTINATIE dest="Adjud" />
			<ORA h="14:23" />
			<MENTIUNI ment="Conform cu planul" min="0" />
			<STATII>
				<GARA gara="Adjud" />
			</STATII>
		</TREN>
		<TREN>
			<NUMAR nr="5413" />
			<DESTINATIE dest="Pascani" />
			<ORA h="15:24" />
			<MENTIUNI ment="Conform cu planul" min="0" />
			<STATII>
				<GARA gara="Orbeni" />
				<GARA gara="Racaciuni" />
				<GARA gara="Faraoani" />
				<GARA gara="Bacau" />
				<GARA gara="Galbeni" />
				<GARA gara="Roman" />
				<GARA gara="Sabaoani" />
				<GARA gara="Mircesti" />
				<GARA gara="Pascani" />
			</STATII>
		</TREN>
		<TREN>
			<NUMAR nr="5404" />
			<DESTINATIE dest="Marasesti" />
			<ORA h="17:07" />
			<MENTIUNI ment="Conform cu planul" min="0" />
			<STATII>
				<GARA gara="Adjud" />
				<GARA gara="Pufesti" />
				<GARA gara="Marasesti" />
			</STATII>
		</TREN>
		<TREN>
			<NUMAR nr="5405" />
			<DESTINATIE dest="Pascani" />
			<ORA h="19:42" />
			<MENTIUNI ment="Conform cu planul" min="0" />
			<STATII>
				<GARA gara="Orbeni" />
				<GARA gara="Racaciuni" />
				<GARA gara="Faraoani" />
				<GARA gara="Bacau" />
				<GARA gara="Galbeni" />
				<GARA gara="Roman" />
				<GARA gara="Sabaoani" />
				<GARA gara="Mircesti" />
				<GARA gara="Pascani" />
			</STATII>
		</TREN>
		<TREN>
			<NUMAR nr="5406" />
			<DESTINATIE dest="Marasesti" />
			<ORA h="21:23" />
			<MENTIUNI ment="Intarziere: 10 minute." min="10" />
			<STATII>
				<GARA gara="Adjud" />
				<GARA gara="Pufesti" />
				<GARA gara="Marasesti" />
			</STATII>
		</TREN>
		<TREN>
			<NUMAR nr="5767" />
			<DESTINATIE dest="Pascani" />
			<ORA h="22:05" />
			<MENTIUNI ment="Conform cu planul" min="0" />
			<STATII>
				<GARA gara="Orbeni" />
				<GARA gara="Racaciuni" />
				<GARA gara="Faraoani" />
				<GARA gara="Bacau" />
				<GARA gara="Galbeni" />
				<GARA gara="Roman" />
				<GARA gara="Sabaoani" />
				<GARA gara="Mircesti" />
				<GARA gara="Pascani" />
			</STATII>
		</TREN>
	</PLECARI>
	<SOSIRI>
		<TREN>
			<NUMAR nr="5401" />
			<DESTINATIE dest="Marasesti" />
			<ORA h="05:33" />
			<MENTIUNI ment="Conform cu planul" min="0" />
			<STATII>
				<GARA gara="Marasesti" />
				<GARA gara="Pufesti" />
				<GARA gara="Adjud" />
			</STATII>
		</TREN>
		<TREN>
			<NUMAR nr="5412" />
			<DESTINATIE dest="Pascani" />
			<ORA h="07:29" />
			<MENTIUNI ment="Conform cu planul" min="0" />
			<STATII>
				<GARA gara="Pascani" />
				<GARA gara="Mircesti" />
				<GARA gara="Sabaoani" />
				<GARA gara="Roman" />
				<GARA gara="Galbeni" />
				<GARA gara="Bacau" />
				<GARA gara="Faraoani" />
				<GARA gara="Racaciuni" />
				<GARA gara="Orbeni" />
			</STATII>
		</TREN>
		<TREN>
			<NUMAR nr="5411" />
			<DESTINATIE dest="Adjud" />
			<ORA h="08:34" />
			<MENTIUNI ment="Conform cu planul" min="0" />
			<STATII>
				<GARA gara="Adjud" />
			</STATII>
		</TREN>
		<TREN>
			<NUMAR nr="5418" />
			<DESTINATIE dest="Bacau" />
			<ORA h="10:35" />
			<MENTIUNI ment="Conform cu planul" min="0" />
			<STATII>
				<GARA gara="Bacau" />
				<GARA gara="Faraoani" />
				<GARA gara="Racaciuni" />
				<GARA gara="Orbeni" />
			</STATII>
		</TREN>
		<TREN>
			<NUMAR nr="5414" />
			<DESTINATIE dest="Bacau" />
			<ORA h="14:22" />
			<MENTIUNI ment="Conform cu planul" min="0" />
			<STATII>
				<GARA gara="Bacau" />
				<GARA gara="Faraoani" />
				<GARA gara="Racaciuni" />
				<GARA gara="Orbeni" />
			</STATII>
		</TREN>
		<TREN>
			<NUMAR nr="5413" />
			<DESTINATIE dest="Adjud" />
			<ORA h="15:23" />
			<MENTIUNI ment="Conform cu planul" min="0" />
			<STATII>
				<GARA gara="Adjud" />
			</STATII>
		</TREN>
		<TREN>
			<NUMAR nr="5404" />
			<DESTINATIE dest="Pascani" />
			<ORA h="17:06" />
			<MENTIUNI ment="Conform cu planul" min="0" />
			<STATII>
				<GARA gara="Pascani" />
				<GARA gara="Mircesti" />
				<GARA gara="Sabaoani" />
				<GARA gara="Roman" />
				<GARA gara="Galbeni" />
				<GARA gara="Bacau" />
				<GARA gara="Faraoani" />
				<GARA gara="Racaciuni" />
				<GARA gara="Orbeni" />
			</STATII>
		</TREN>
		<TREN>
			<NUMAR nr="5405" />
			<DESTINATIE dest="Marasesti" />
			<ORA h="19:41" />
			<MENTIUNI ment="Conform cu planul" min="0" />
			<STATII>
				<GARA gara="Marasesti" />
				<GARA gara="Pufesti" />
				<GARA gara="Adjud" />
			</STATII>
		</TREN>
		<TREN>
			<NUMAR nr="5406" />
			<DESTINATIE dest="Pascani" />
			<ORA h="21:22" />
			<MENTIUNI ment="Intarziere: 10 minute." min="10" />
			<STATII>
				<GARA gara="Pascani" />
				<GARA gara="Mircesti" />
				<GARA gara="Sabaoani" />
				<GARA gara="Roman" />
				<GARA gara="Galbeni" />
				<GARA gara="Bacau" />
				<GARA gara="Faraoani" />
				<GARA gara="Racaciuni" />
				<GARA gara="Orbeni" />
			</STATII>
		</TREN>
		<TREN>
			<NUMAR nr="5767" />
			<DESTINATIE dest="Bucuresti N." />
			<ORA h="22:08" />
			<MENTIUNI ment="Conform cu planul" min="0" />
			<STATII>
				<GARA gara="Bucuresti N." />
				<GARA gara="Ploiesti" />
				<GARA gara="Buzau" />
				<GARA gara="Galati" />
				<GARA gara="Tecuci" />
				<GARA gara="Marasesti" />
				<GARA gara="Pufesti" />
				<GARA gara="Adjud" />
			</STATII>
		</TREN>
	</SOSIRI>
</TABELA>
